{"stats":{"minecraft:custom":{"minecraft:jump":50,"minecraft:time_since_rest":13445,"minecraft:damage_dealt":198,"minecraft:crouch_one_cm":371,"minecraft:leave_game":1,"minecraft:sprint_one_cm":1667,"minecraft:play_time":13445,"minecraft:damage_taken":30,"minecraft:time_since_death":13445,"minecraft:walk_one_cm":13526,"minecraft:sneak_time":65,"minecraft:total_world_time":13445,"minecraft:mob_kills":2,"minecraft:fall_one_cm":894,"minecraft:fly_one_cm":2283},"minecraft:picked_up":{"farm_and_charm:strawberry":4,"minecraft:sand":3,"farm_and_charm:strawberry_seeds":1},"minecraft:mined":{"minecraft:sand":6},"minecraft:killed":{"minecraft:zombie":1}},"DataVersion":3465}