{"stats":{"minecraft:custom":{"minecraft:jump":119,"minecraft:time_since_rest":6608,"minecraft:leave_game":1,"minecraft:walk_on_water_one_cm":1982,"minecraft:crouch_one_cm":91,"minecraft:sprint_one_cm":16086,"minecraft:play_time":6608,"minecraft:damage_taken":175,"minecraft:time_since_death":6608,"minecraft:walk_one_cm":8084,"minecraft:sneak_time":245,"minecraft:total_world_time":6608,"minecraft:walk_under_water_one_cm":1238,"minecraft:swim_one_cm":1704,"minecraft:fall_one_cm":4741,"minecraft:fly_one_cm":22583,"incapacitated:times_revived":1},"minecraft:used":{"minecraft:dirt":1},"minecraft:mined":{"minecraft:grass_block":1},"minecraft:picked_up":{"minecraft:dirt":1}},"DataVersion":3465}