{"stats":{"minecraft:custom":{"minecraft:time_since_rest":11791,"minecraft:crouch_one_cm":97,"minecraft:play_time":11791,"minecraft:sprint_one_cm":19681,"minecraft:damage_taken":30,"minecraft:walk_one_cm":7737,"minecraft:sneak_time":70,"minecraft:walk_under_water_one_cm":224,"minecraft:drop":6,"minecraft:jump":185,"minecraft:damage_dealt":20,"minecraft:time_since_death":11791,"minecraft:walk_on_water_one_cm":1096,"minecraft:total_world_time":11791,"minecraft:swim_one_cm":3424,"minecraft:fall_one_cm":6730,"minecraft:fly_one_cm":43349},"minecraft:picked_up":{"farm_and_charm:strawberry_seeds":1,"farm_and_charm:strawberry":24,"minecraft:sand":1},"minecraft:dropped":{"minecraft:sand":1,"farm_and_charm:strawberry_seeds":1,"farm_and_charm:strawberry":4},"minecraft:mined":{"minecraft:grass":7,"minecraft:sand":1,"farm_and_charm:wild_strawberries":8,"minecraft:oak_leaves":1},"minecraft:used":{"farm_and_charm:strawberry":5}},"DataVersion":3465}