{"stats":{"minecraft:killed_by":{"minecraft:spider":1},"minecraft:custom":{"minecraft:time_since_rest":8649,"minecraft:crouch_one_cm":97,"minecraft:play_time":26236,"minecraft:sprint_one_cm":33429,"minecraft:damage_taken":845,"minecraft:walk_one_cm":23667,"minecraft:deaths":1,"minecraft:sneak_time":70,"incapacitated:times_incapped":2,"minecraft:walk_under_water_one_cm":7512,"minecraft:drop":7,"minecraft:jump":354,"minecraft:damage_dealt":416,"minecraft:leave_game":3,"minecraft:time_since_death":8620,"minecraft:walk_on_water_one_cm":4278,"minecraft:total_world_time":26236,"minecraft:swim_one_cm":9973,"minecraft:fall_one_cm":10249,"minecraft:fly_one_cm":73666},"minecraft:dropped":{"farm_and_charm:strawberry_seeds":1,"minecraft:sand":2,"farm_and_charm:strawberry":4},"minecraft:used":{"minecraft:rotten_flesh":2,"minecraft:sand":1,"minecraft:dirt":1,"farm_and_charm:strawberry":5,"minecraft:sugar_cane":4},"minecraft:mined":{"minecraft:grass":7,"minecraft:grass_block":1,"minecraft:sand":2,"farm_and_charm:wild_strawberries":8,"minecraft:sugar_cane":2,"minecraft:oak_leaves":1},"minecraft:picked_up":{"minecraft:rotten_flesh":2,"farm_and_charm:strawberry_seeds":1,"minecraft:potato":1,"farm_and_charm:strawberry":24,"minecraft:sand":3,"minecraft:sugar_cane":4,"minecraft:dirt":1}},"DataVersion":3465}