{"stats":{"minecraft:used":{"minecraft:dirt":1,"minecraft:dandelion":2},"minecraft:custom":{"minecraft:time_since_rest":6602,"minecraft:sprint_one_cm":16782,"minecraft:play_time":6602,"minecraft:walk_one_cm":10392,"minecraft:sneak_time":6,"minecraft:jump":31,"minecraft:leave_game":2,"minecraft:time_since_death":6602,"minecraft:total_world_time":6602,"minecraft:fly_one_cm":8158,"minecraft:fall_one_cm":476},"minecraft:picked_up":{"minecraft:azure_bluet":4,"minecraft:wheat_seeds":9,"minecraft:dandelion":7,"minecraft:dirt":1},"minecraft:mined":{"minecraft:large_fern":9,"minecraft:grass":37,"minecraft:grass_block":1,"minecraft:tall_grass":23,"minecraft:dandelion":9,"minecraft:oak_leaves":1,"minecraft:azure_bluet":6,"minecraft:fern":2}},"DataVersion":3465}