{
  "bakery:recipes/strawberry_chocolate": {
    "criteria": {
      "has_strawberry": "2024-11-11 23:48:01 +0000"
    },
    "done": true
  },
  "minecraft:recipes/decorations/crafting_table": {
    "criteria": {
      "unlock_right_away": "2024-11-11 23:46:27 +0000"
    },
    "done": true
  },
  "farm_and_charm:main/root": {
    "criteria": {
      "example_criterion": "2024-11-11 23:46:28 +0000"
    },
    "done": true
  },
  "footprints:footprints": {
    "criteria": {
      "trigger": "2024-11-11 23:46:27 +0000"
    },
    "done": true
  },
  "herbalbrews:main/root": {
    "criteria": {
      "seeds": "2024-11-11 23:48:01 +0000"
    },
    "done": true
  },
  "global:root": {
    "criteria": {
      "trigger": "2024-11-11 23:46:27 +0000"
    },
    "done": true
  },
  "global:hako": {
    "criteria": {
      "trigger": "2024-11-11 23:46:27 +0000"
    },
    "done": true
  },
  "vinery:main/root": {
    "criteria": {
      "seeds": "2024-11-11 23:48:01 +0000"
    },
    "done": true
  },
  "farm_and_charm:recipes/strawberry": {
    "criteria": {
      "has_strawberry_seeds": "2024-11-11 23:48:05 +0000"
    },
    "done": true
  },
  "niftycarts:recipes/supply_cart": {
    "criteria": {
      "has_wheel": "2024-11-11 23:48:01 +0000"
    },
    "done": true
  },
  "bakery:main/root": {
    "criteria": {
      "seeds": "2024-11-11 23:48:01 +0000"
    },
    "done": true
  },
  "brewery:main/root": {
    "criteria": {
      "seeds": "2024-11-11 23:48:01 +0000"
    },
    "done": true
  },
  "niftycarts:recipes/plow": {
    "criteria": {
      "has_wheel": "2024-11-11 23:48:01 +0000"
    },
    "done": true
  },
  "camping:main/root": {
    "criteria": {
      "bags": "2024-11-11 23:48:01 +0000"
    },
    "done": true
  },
  "farm_and_charm:recipes/strawberry_bag": {
    "criteria": {
      "has_strawberry": "2024-11-11 23:48:01 +0000"
    },
    "done": true
  },
  "minecraft:adventure/adventuring_time": {
    "criteria": {
      "minecraft:beach": "2024-11-11 23:46:28 +0000"
    },
    "done": false
  },
  "niftycarts:recipes/hand_cart": {
    "criteria": {
      "has_wheel": "2024-11-11 23:48:01 +0000"
    },
    "done": true
  },
  "candlelight:main/root": {
    "criteria": {
      "seeds": "2024-11-11 23:48:01 +0000"
    },
    "done": true
  },
  "farm_and_charm:main/find_wild_crops": {
    "criteria": {
      "oat": "2024-11-11 23:48:01 +0000",
      "wild_strawberry": "2024-11-11 23:48:01 +0000",
      "corn": "2024-11-11 23:48:01 +0000",
      "onion": "2024-11-11 23:48:01 +0000",
      "wild_corn": "2024-11-11 23:48:01 +0000",
      "wild_ribwort": "2024-11-11 23:48:01 +0000",
      "strawberry": "2024-11-11 23:48:01 +0000",
      "wild_nettle": "2024-11-11 23:48:01 +0000",
      "barley": "2024-11-11 23:48:01 +0000",
      "tomato": "2024-11-11 23:48:01 +0000",
      "lettuce": "2024-11-11 23:48:01 +0000",
      "wild_lettuce": "2024-11-11 23:48:01 +0000",
      "wild_tomatoes": "2024-11-11 23:48:01 +0000",
      "oat_seeds": "2024-11-11 23:48:01 +0000",
      "tomato_seeds": "2024-11-11 23:48:01 +0000",
      "barley_seeds": "2024-11-11 23:48:01 +0000",
      "strawberry_seeds": "2024-11-11 23:48:01 +0000",
      "lettuce_seeds": "2024-11-11 23:48:01 +0000",
      "kernels": "2024-11-11 23:48:01 +0000",
      "wild_barley": "2024-11-11 23:48:01 +0000",
      "wild_onion": "2024-11-11 23:48:01 +0000",
      "wild_oat": "2024-11-11 23:48:01 +0000"
    },
    "done": true
  },
  "niftycarts:recipes/animal_cart": {
    "criteria": {
      "has_wheel": "2024-11-11 23:48:01 +0000"
    },
    "done": true
  },
  "DataVersion": 3465
}