{
    "banPlayerAfterDeath": false,
    "bleeding": {
      "bleedTime": 1200,
      "bleedingMessage": true,
      "bleedingMessageTrackingOnly": true,
      "shouldGlow": true,
      "hasBleedingMobEffect": true,
      "bleedingMobEffect": {
        "effect": "minecraft:regeneration",
        "amplifier": 0,
        "duration": 100
      },
      "affectHunger": true,
      "remainingHunger": 6,
      "bleedingHealth": 10,
      "disableMobDamage": true,
      "disablePlayerDamage": false,
      "disableOtherDamage": false
    },
    "revive": {
      "requiredReviveProgress": 100.0,
      "progressPerPlayer": 1.0,
      "exhaustion": 0.5,
      "haltBleedTime": true,
      "abortOnDamage": false,
      "resetProgress": false,
      "hasRevivedMobEffect": false,
      "revivedMobEffect": {
        "effect": "minecraft:slowness",
        "amplifier": 2,
        "duration": 1
      },
      "reviveItem": "{id:\"item\",item:\"firstaid:bandage\"}",
      "needReviveItem": true,
      "consumeReviveItem": false,
      "maxDistance": 3,
      "healthAfter": 2
    },
    "sounds": {
      "death": {
        "sound": "playerrevive:death",
        "volume": 1.0,
        "pitch": 1.0
      },
      "revived": {
        "sound": "playerrevive:revived",
        "volume": 1.0,
        "pitch": 1.0
      }
    },
    "bypassDamageSources": [
      "gorgon",
      "death.attack.sgcraft:transient",
      "death.attack.sgcraft:iris"
    ]
  }
  